Model,speed,accuracy,cost,completeness,appropriateness
bedrock-meta-llama3-70b-instruct-v1-0,2.854,80.0,0.00062753625,0.69,0.92
google-gemma-2-27b,1.712,76.66666666666667,0.0005058599999999725,0.66,0.85
gpt-4o,1.119,86.66666666666667,0.003329,0.72,0.78
meta-llama-3-1-405b-instruct,2.193,73.33333333333333,0.003716660749999965,0.72,0.78
meta-llama-3-2-90b-vision,2.069,83.33333333333334,0.0012734999999999724,0.69,0.8
mistral-mistral-large,3.043,80.0,0.002905499999999975,0.67,0.85
qwen-qwen-2-5-72b,2.221,86.66666666666667,0.00040193549999998,0.73,0.8
