Model,speed,accuracy,cost,completeness,appropriateness
bedrock-meta-llama3-70b-instruct-v1-0,2.854,80.0,0.00062753625,0.71,0.85
gpt-4o,1.119,86.66666666666667,0.003329,0.72,0.8
meta-llama-3-2-90b-vision,2.069,83.33333333333334,0.0012734999999999724,0.72,0.82
mistral-mistral-large,3.043,80.0,0.002905499999999975,0.67,0.85
