Model,speed,accuracy,cost,length,appropriateness
claude-3-5-sonnet-20240620,1.952,93.33333333333333,0.0025019999999999947,163.7,0.60
gpt-3.5-turbo-0125,1.286,86.66666666666667,0.00033708749999997753,130.07,0.50
gpt-4o,1.249,90.0,0.0033215000000000002,122.5,0.60
gpt-4o-mini,1.341,90.0,0.00010454624999998749,134.25,0.70
