Model,speed,accuracy,cost,length,appropriateness
claude-3-5-sonnet-20240620,1.71,83.0,0.00229939999999999,153.7,0.9
claude-3-opus-20240229,3.385,97.0,0.011686999999999986,164.23,0.95
gpt-3.5-turbo-0125,1.164,83.0,0.00031889999999997,140.8,0.8
gpt-4,2.182,87.0,0.018786999999999998,180.7,0.85
gpt-4-turbo,2.51,87.0,0.006424,147.3,0.9
gpt-4o,1.187,83.0,0.0031203333333333335,115.6,0.9
gpt-4o-mini,1.287,87.0,9.910499999996667e-05,143.7,0.9
