Model,speed,accuracy,cost,length,appropriateness
claude-3-5-sonnet-20240620,1.71,100,0.00229939999999999,153.7,0.80
claude-3-opus-20240229,3.385,100,0.011686999999999986,164.23,0.90
gpt-3.5-turbo-0125,1.164,90.0,0.00031889999999997,140.8,0.60
gpt-4,2.182,90.0,0.018786999999999998,180.7,0.70
gpt-4-turbo,2.51,90.0,0.006424,147.3,0.70
gpt-4o,1.187,95.0,0.0031203333333333335,115.6,0.70
gpt-4o-mini,1.287,95.0,9.910499999996667e-05,143.7,0.70
